id,name,official_url,modalities,canonical_sample_shape,label_definition,recommended_tasks,recommended_loss,evaluation,recommended_split_and_leakage_checks,units_coordinates_time,access,license_observation,caveats,source_ids,checked_at,downloaded,trained,shape_scope,recommendation_scope
cifar10,CIFAR-10,https://www.cs.toronto.edu/~kriz/cifar.html,"[""RGB""]","{""x"": [3, 32, 32], ""y"": []}",0..9 单类别整数,"[""图像分类""]","cross_entropy(logits, integer_class)","[""accuracy"", ""per-class recall"", ""confusion matrix""]",官方train/test；从train固定分层抽validation；查重复图,uint8原始像素转float32；RGB/CHW是教学接口,官方页面提供压缩包,所读官方页未明确数据专用许可证；使用前核对包内说明,教学5000 train/1000 val/1000 test；小CNN，不是全量benchmark,"[""S01""]",2026-10-01,False,False,教学规范接口；不保证等同原始文件布局,任务/loss/split建议由讲义作者设计；来源事实与建议分开
imagenet2012,ImageNet ILSVRC2012,https://www.image-net.org/download.php,"[""RGB""]","{""x"": [3, ""H"", ""W""], ""y"": []}",1000类别之一,"[""分类"", ""迁移学习""]",cross_entropy,"[""top-1 accuracy"", ""top-5 accuracy""]",官方train/val/test；调参验证集与最终评价区分；重复/近重复检查,224x224是预处理选择；保留class mapping和crop协议,官方入口链接ILSVRC子集并提供登录/申请机制,官方访问条款为非商业研究及教育；具体下载须同意相应条款,优先小子集或冻结骨干；不建议入门从头训练全量,"[""S02""]",2026-10-01,False,False,教学规范接口；不保证等同原始文件布局,任务/loss/split建议由讲义作者设计；来源事实与建议分开
coco,COCO,https://cocodataset.org/,"[""RGB"", ""boxes"", ""instance masks"", ""captions""]","{""x"": [3, ""H"", ""W""], ""boxes"": [""N"", 4], ""classes"": [""N""], ""masks"": [""N"", ""H"", ""W""]}",对象类别/框/实例分割；或图像描述文本,"[""检测"", ""实例分割"", ""图像描述""]",分类CE或BCE+框L1/IoU；mask BCE或Dice；caption token CE,"[""COCO AP"", ""任务对应官方指标""]",官方image ID split；同图多个annotation及caption同组；增强派生图同组,原bbox为像素xywh；类别ID需映射；resize/crop同步标签,官方图像和标注下载,标注/网站CC BY 4.0；图像按来源及Flickr条款；代码许可另列,变长N通常用list collate；不能把没有框的区域一概解释成可靠负样本,"[""S03"", ""S04""]",2026-10-01,False,False,教学规范接口；不保证等同原始文件布局,任务/loss/split建议由讲义作者设计；来源事实与建议分开
imdb,IMDb Large Movie Review Dataset,https://ai.stanford.edu/~amaas/data/sentiment/,"[""text""]","{""text"": ""string"", ""ids"": [""L""], ""y"": []}",0负面/1正面；无标签部分单列,"[""文档情感分类""]","cross_entropy(logits[B,2], y[B])","[""accuracy"", ""macro-F1""]",官方train/test；train内划validation；重复文本/同电影组风险；词表仅train拟合,token ID是索引不可均值归一化；padding mask；截断记录,官方原始文本与bag-of-words下载,所读官方页未确认独立数据许可证；核对数据包README/条款,教学4000/1000/1000；Embedding+masked pooling；别去掉否定词,"[""S05"", ""P02""]",2026-10-01,False,False,教学规范接口；不保证等同原始文件布局,任务/loss/split建议由讲义作者设计；来源事实与建议分开
wikitext2,WikiText-2,https://huggingface.co/datasets/Salesforce/wikitext,"[""text""]","{""ids"": [""L""], ""next_ids"": [""L""], ""mask"": [""L""]}",下一个token，由原文本右移构造,"[""因果语言建模""]",masked token cross_entropy,"[""token NLL"", ""perplexity under same tokenizer/protocol""]",保留train/validation/test；文章不可跨split；tokenizer仅train训练或冻结外部既定版本,raw与非raw版本不同；明确EOS、拼接与上下文边界,Salesforce发布者数据卡提供多个版本,数据卡标签CC BY-SA 3.0/GFDL，正文称CC BY-SA 4.0，有冲突；需核对所取版本,不要用全体语料建词表再称严格held-out；不用于聊天能力榜单,"[""S06""]",2026-10-01,False,False,教学规范接口；不保证等同原始文件布局,任务/loss/split建议由讲义作者设计；来源事实与建议分开
squad2,SQuAD 2.0,https://rajpurkar.github.io/SQuAD-explorer/,"[""question text"", ""context text""]","{""ids"": [""L""], ""start"": [], ""end"": [], ""is_impossible"": []}",上下文答案span，或不可回答,"[""抽取式问答"", ""无答案判断""]",start CE + end CE；无答案BCE或保留位置约定,"[""exact match"", ""official token F1"", ""no-answer threshold evaluation""]",官方train/dev；按文章/段落检查重复；测试集隐藏；不以相同dev无止境调参,字符偏移到token映射；截断超出答案时不能胡乱标注,公开train/dev与评价脚本；官方测试隐藏,CC BY-SA 4.0,不是多轮聊天数据；无答案并不等于任意生成拒答文本,"[""S07""]",2026-10-01,False,False,教学规范接口；不保证等同原始文件布局,任务/loss/split建议由讲义作者设计；来源事实与建议分开
euroc,EuRoC MAV,https://projects.asl.ethz.ch/datasets/euroc-mav/,"[""stereo grayscale"", ""IMU"", ""calibration"", ""pose/position reference""]","{""imu"": [200, 6], ""target_delta_p"": [3]}",教学 Δp_B0=R_WB(t0)^T*(p_WB(t1)-p_WB(t0)),"[""局部位移回归"", ""VIO研究""]",MSE或Huber；若加旋转输出需SO(3)误差,"[""窗口欧氏位移误差(m)"", ""分量MSE(m²)"", ""完整轨迹才用ATE/RPE""]",先完整sequence split后切窗；教学MH_01_easy+MH_02_easy训练/MH_03_medium验证/MH_04_difficult测试；非官方训练协议,IMU 200Hz；角速度rad/s；比力m/s²；原timestamp整数ns；body=IMU frame；q按论文wxyz；标签world/body方向显式保存,ETH Research Collection较大分组压缩包，先查获取粒度,归档标注 In Copyright - Non-Commercial Use Permitted,无下载/无训练；GT姿态仅制标签；初速度不可观；state参考是后处理估计，非全独立逐时刻传感器真值,"[""S08"", ""S09"", ""P03""]",2026-10-01,False,False,教学规范接口；不保证等同原始文件布局,任务/loss/split建议由讲义作者设计；来源事实与建议分开
tumvi,TUM VI,https://cvg.cit.tum.de/data/datasets/visual-inertial-dataset,"[""stereo grayscale"", ""IMU"", ""photometric/geometric calibration"", ""partial pose reference""]","{""imu"": [""L"", 6], ""stereo"": [2, 1, ""H"", ""W""], ""pose_reference"": [4, 4], ""valid"": []}",room全程pose；多数其他序列首尾pose,"[""VIO评测"", ""有效GT窗口局部运动学习""]",有标签Huber/旋转误差；自监督光度等须额外假设,"[""有效GT区间ATE/RPE"", ""首尾漂移""]",按scene/sequence；不对无GT中段长距离插值当标签；raw/calibrated不可混,camera20Hz，IMU200Hz；原1024x1024有16位强度；calibrated已校正轴缩放与GT IMU frame,官方bag及EuRoC/DSO导出,数据CC BY 4.0；附带源码BSD-2-Clause,保留位深与标定；静态IMU数据适合噪声分析，不等于丰富运动训练集,"[""S10""]",2026-10-01,False,False,教学规范接口；不保证等同原始文件布局,任务/loss/split建议由讲义作者设计；来源事实与建议分开
kitti,KITTI odometry/raw,https://www.cvlibs.net/datasets/kitti/eval_odometry.php,"[""images"", ""LiDAR"", ""OXTS in raw data""]","{""image_pair"": [2, 3, ""H"", ""W""], ""point_cloud"": [""N"", 4], ""relative_pose"": [4, 4]}",相对/全局位姿等，取决于子任务,"[""视觉/激光里程计"", ""深度"", ""检测""]",平移Huber+旋转误差；任务特定loss,"[""KITTI任务官方指标"", ""里程计分段平移/旋转误差""]",按drive/sequence/路线；相关raw和benchmark帧需去重，禁止邻帧跨split,保留camera/Velodyne/OXTS外参方向；不能假定odometry包是高频IMU raw；具体采样率按包核对,官方页面各子任务下载,CC BY-NC-SA 3.0,本条统一代表KITTI家族，必须选定子任务版本后再写具体schema,"[""S11"", ""S12"", ""S13""]",2026-10-01,False,False,教学规范接口；不保证等同原始文件布局,任务/loss/split建议由讲义作者设计；来源事实与建议分开
ronin,RoNIN,https://ronin.cs.sfu.ca/,"[""smartphone IMU"", ""orientation estimates"", ""body tracking reference""]","{""imu"": [""L"", 6], ""planar_velocity"": [2]}",跟踪设备绑身体，手持IMU设备与之不同；常见监督为身体平面速度,"[""人体惯性导航"", ""身体heading""]",速度MSE/Huber；heading几何/周期表示loss,"[""ATE"", ""RTE，必须固定时间尺度与对齐协议""]",官方seen/unseen subject区分；按subject/device/sequence查split；ekf_ori不得test,synced 200Hz time秒；raw系统时间ns；start_frame以后有效；坐标与两机体对齐按README,官方归档；README称公开327序列，约半数采集数据未公开,数据与预训练模型仅研究用途,不要把42.7小时/100人采集总量当公开训练实际可用量；禁止未来末端校准泄漏,"[""S14"", ""S15"", ""P04""]",2026-10-01,False,False,教学规范接口；不保证等同原始文件布局,任务/loss/split建议由讲义作者设计；来源事实与建议分开
oxiod,OxIOD Oxford Inertial Odometry Dataset,https://deepio.cs.ox.ac.uk/,"[""phone inertial signals"", ""position/orientation reference""]","{""imu"": [""L"", 6], ""derived_delta_p"": [3]}",由所选序列运动真值构造位移/速度标签,"[""行人惯性里程计"", ""跨携带方式泛化""]",MSE/Huber,"[""窗口误差"", ""固定协议轨迹ATE/RTE""]",按person/phone/attachment/sequence；不能仅随机切窗,具体CSV列/单位/采样率本次未取包核实；读取后按官方包说明确认,官方入口搜索可见下载；本次直接读取不稳定,独立数据许可证本次未确认；不要写无限制商用,论文报告158序列，5用户、4手机及多携带方式；不等于因素完全平衡；不是额外另一套Oxford惯性数据,"[""S16"", ""P05""]",2026-10-01,False,False,教学规范接口；不保证等同原始文件布局,任务/loss/split建议由讲义作者设计；来源事实与建议分开
amass,AMASS,https://amass.is.tue.mpg.de/,"[""human body model parameters"", ""motion sequences""]","{""derived_joints"": [""L"", ""J"", 3], ""derived_rotations"": [""L"", ""J"", 3, 3]}",选定人体模型导出的关节/网格运动；按任务预测未来片段或重建,"[""人体运动预测"", ""运动先验"", ""合成传感器研究""]",joint L1/Huber；rotation geometric loss,"[""MPJPE且说明对齐方式"", ""rotation error"", ""任务专用指标""]",按subject/motion/source dataset；跨源重复动作需查；窗口不得跨split,每文件帧率/模型版本/骨架定义；姿态参数不是关节米坐标；合成IMU另需重力与传感器安装模型,注册后下载；人体模型可能另需获取,非商业科学研究/教育/艺术等限定用途；再分发受限，见原许可,不是原生IMU数据，更不是机器人力矩/接触示范；重定向需额外假设,"[""S17"", ""S18"", ""S19""]",2026-10-01,False,False,教学规范接口；不保证等同原始文件布局,任务/loss/split建议由讲义作者设计；来源事实与建议分开
openx,Open X-Embodiment,https://github.com/google-deepmind/open_x_embodiment,"[""images"", ""task text"", ""state"", ""actions""]","{""episode_steps"": ""variable"", ""image"": [""H"", ""W"", 3], ""state"": [""D""], ""action"": [""A""]}",来自各子集的动作示范；编码与单位各异,"[""跨机器人行为克隆"", ""VLA数据理解""]",连续MSE/NLL；token动作CE需离散化；扩散目标另定,"[""离线动作误差"", ""闭环成功率"", ""跨任务/机器人泛化""]",按episode/task/scene/embodiment；同轨迹切片同组；核对源数据重叠,RLDS统一包装不统一物理语义；坐标/频率/gripper方向/绝对或增量逐子集核对,官方列表和可视化colab；宜先取一个子集几条episode,仓库软件Apache-2.0、其他材料CC BY4.0；源子集条款仍逐项核对,RT-X的7维输出不意味着每个原始子集都是同样7维控制；不需全量下载,"[""S20"", ""S21""]",2026-10-01,False,False,教学规范接口；不保证等同原始文件布局,任务/loss/split建议由讲义作者设计；来源事实与建议分开
robomimic,robomimic Lift PH low_dim,https://robomimic.github.io/docs/datasets/robomimic_v0.1.html,"[""robot low-dimensional observations"", ""actions"", ""optional images""]","{""obs"": [""D""], ""action"": [""A""], ""episode_actions"": [""T"", ""A""]}",示范状态对应控制动作；D/A随任务/控制器变化,"[""行为克隆"", ""离线机器人学习""]",MSE或策略NLL,"[""离线action error"", ""仿真rollout success""]",按完整demo；可用HDF5 mask；查示范者和初始状态相似性,"HDF5 obs图像HWC uint8；actions按官方规范[-1,1]；不能当原始SI量",官方脚本可dry-run；先low_dim；官方链接仓库v1.5,官方链接robomimic/robomimic_datasets数据卡标MIT；不外推到外部支持数据,v1.5环境版本与原2021环境不同可能影响复现；原始states与可部署obs不同,"[""S22"", ""S23"", ""S24""]",2026-10-01,False,False,教学规范接口；不保证等同原始文件布局,任务/loss/split建议由讲义作者设计；来源事实与建议分开
d4rl,D4RL and Minari migration,https://github.com/Farama-Foundation/D4RL,"[""observations"", ""actions"", ""rewards"", ""transition boundaries""]","{""observation"": [""D""], ""action"": [""A""], ""reward"": [], ""next_observation"": [""D""], ""terminated"": [], ""truncated"": []}",transition与episode边界；维度取决环境,"[""离线强化学习"", ""行为克隆基线""]",BC可MSE；离线RL另需Bellman目标/分布外约束等,"[""episode return"", ""版本指定normalized score""]",按episode/环境；termination与timeout区别；不能跨边界拼next state,动作范围、状态/奖励缩放、env版本都记录,维护方已迁移离线数据至Minari；新项目核对新版本,除另列例外外数据CC BY4.0；代码Apache-2.0,不要照搬旧mujoco_py安装流程或混报新旧环境得分,"[""S25""]",2026-10-01,False,False,教学规范接口；不保证等同原始文件布局,任务/loss/split建议由讲义作者设计；来源事实与建议分开
