年份,团队,论文（路线）,要解决的问题（引自 Intro）,对照的 baseline（引自实验表）,benchmark,自述局限（引自 Limitation）,代码/数据是否开放,来源URL
"1980","NHK 放送科学基础研究所（Fukushima）","Neocognitron（S 层/C 层交替的多层网络，无监督自组织）","Abstract、Sec.1：以往的模型识别结果受图案位置平移和形变影响很大；提出一个“无教师学习”的自组织多层网络，按形状识别图案、不受位置影响。Sec.1 明确以 Hubel 与 Wiesel 的视觉皮层层级模型（简单细胞→复杂细胞→超复杂细胞）为结构来源，S 细胞对应简单细胞，C 细胞对应复杂细胞。","无定量对照。Sec.1 讨论 Rosenblatt、Kabrisky、Giebel 的模型以及作者 1975 年对位置敏感的 cognitron。","无标准数据集；Sec.5 计算机模拟：数字 0–4 五个图案、X/Y/T/Z 四个相似图案、0–9 十个图案","Sec.5：十类图案时对参数和呈现方式非常敏感，每层 24 个 cell-plane 可能不够，受计算机内存限制没能模拟更多；Sec.6：Hubel–Wiesel 层级模型本身不完全正确，修改结构是未来问题。","论文未声明","https://www.cs.princeton.edu/courses/archive/spr08/cos598B/Readings/Fukushima1980.pdf"
"1998","未核实（题录：LeCun、Bottou、Bengio、Haffner）","Gradient-Based Learning Applied to Document Recognition（LeNet-5，卷积 + 权重共享 + 梯度训练）","未核实（原文 PDF 打不开或抽不出文字）","未核实","未核实","未核实","未核实","https://leon.bottou.org/papers/lecun-98h（只核实了题录：Proceedings of the IEEE 86(11):2278–2324, 1998）"
"2005","INRIA Rhône-Alps（Dalal、Triggs）","HOG（手工梯度方向直方图特征 + 线性 SVM）","Abstract、Sec.1：为稳健的视觉目标识别找一套好的特征；以线性 SVM 行人检测为测试场景，逐项研究梯度方向直方图各个实现选择的影响。","Sec.5、Fig.3：与作者实现的广义 Haar 小波、PCA-SIFT、shape context，以及 MIT 的部件检测器和整体检测器比较；HOG 在 MIT 数据集上近乎完美分离，在 INRIA 数据集上每窗口误检率（FPPW）至少降一个数量级。Sec.6.2：梯度模板中最简单的一维 [−1,0,1]、不做平滑效果最好，更大的模板和平滑都会降低性能。","MIT 行人数据库；作者新建的 INRIA 行人数据集（1800 多张标注人像）","Sec.7 未来工作：线性 SVM 检测还可加速（由粗到细、拒绝链）；加入运动信息；人体高度关节化，加入局部空间不变性更强的部件模型会有帮助。","数据开放：INRIA 数据集公开（Sec.4 给出 http://lear.inrialpes.fr/data）；代码论文未声明","https://lear.inrialpes.fr/people/triggs/pubs/Dalal-cvpr05.pdf"
"2009","Princeton University（Deng、Dong、Socher、Li、Li、Fei-Fei）","ImageNet 数据集（以 WordNet 为骨架的大规模图像库）","Abstract、Sec.1：互联网图像数据爆炸，但怎样组织和利用这些数据仍是关键问题；提出以 WordNet 为骨架的大规模图像本体。当时已有 12 个子树、5247 个 synset、320 万张图，目标是约 5000 万张图。","Table 1、Sec.2.1：与 Caltech101/256、MSRC、PASCAL、TinyImage、ESP、LabelMe、Lotus Hill 等数据集比较规模与属性；Sec.4.1 用最近邻投票、NBNN 等简单方法做识别实验。","Sec.4：非参数物体识别（与 Caltech256 共有的 16 类）、树结构分类器、自动物体定位","Sec.5：当时只覆盖约 10% 的 WordNet synset，标注流程仍需完善；Table 1：暂不提供分割标注。","数据开放：Sec.1 称数据库在 http://www.image-net.org 公开","https://www.image-net.org/static_files/papers/imagenet_cvpr09.pdf"
"2010","University of Chicago、TTI-Chicago、UC Irvine（Felzenszwalb、Girshick、McAllester、Ramanan）","DPM（HOG 特征上的可变形部件模型 + latent SVM）","Abstract、Sec.1：可变形部件模型在难数据集上常常不如刚性模板或词袋模型；用混合多尺度可变形部件模型加 latent SVM 判别式训练，处理很大的类内差异。","Table 3（Sec.8）：与 PASCAL VOC2008 正式参赛系统比较，20 类中 9 类第一、8 类第二；Fig.8 自身消融：VOC2006 person 类只用根模板 0.24 AP，加部件与框预测 0.39。","PASCAL VOC 2006/2007/2008；INRIA Person","Sec.5.2：坐标下降易陷入局部极小、对初始化敏感；Sec.8：误检多来自相近类别混淆和严格的重叠标准；Sec.9：希望走向更深的部件层级与基于文法的模型。","论文正文未找到代码链接（年份按题录，PDF 正文未印出）","https://cs.brown.edu/people/pfelzens/papers/lsvm-pami.pdf"
"2012","University of Toronto（Krizhevsky、Sutskever、Hinton）","AlexNet（8 层 CNN，ReLU、dropout、两块 GPU）","Sec.1：在百万级图像、上千类别上识别物体，需要容量足够大、又带有图像先验的模型；卷积网络恰好满足，而 GPU 和 ImageNet 让训练这样的网络变得可行。","Table 1（ILSVRC-2010 测试集 top-1/top-5 错误率）：稀疏编码 47.1%/28.2%，SIFT+Fisher 向量 45.7%/25.7%，本文 37.5%/17.0%。Table 2（ILSVRC-2012）：本文 top-5 测试错误率 15.3%，第二名（Fisher 向量分类器平均）26.2%。","ILSVRC-2010、ILSVRC-2012（约 120 万训练图、1000 类）","Sec.7：没有用无监督预训练，作者预计会有帮助；网络规模离人类视觉通路还差许多数量级；最终希望用到视频序列上。Sec.6.1：第一层学到多种对频率和方向有选择性的卷积核以及颜色斑块。","开放：Sec.3 脚注给出 cuda-convnet 代码 http://code.google.com/p/cuda-convnet/","https://papers.nips.cc/paper_files/paper/2012/file/c399862d3b9d6b76c8436e924a68c45b-Paper.pdf"
"2013","UC Berkeley（Girshick、Donahue、Darrell、Malik）","R-CNN（区域提议 + ImageNet 预训练 CNN 特征 + 微调）","Abstract、Sec.1：PASCAL VOC 检测性能在 2010–2012 年停滞；把高容量 CNN 用到自下而上的区域提议上，标注稀缺时先在辅助任务（ILSVRC 分类）上有监督预训练，再在检测数据上微调。","Table 2（VOC2007）：微调后 mAP 54.2%，比不微调高 8.0 个百分点；HOG 特征的 DPM v5 为 33.7%；加框回归 58.5%。Table 1（VOC2010）：R-CNN 53.7%，DPM 33.4%，SegDPM 40.4%。","PASCAL VOC 2007/2010/2012；ILSVRC2013 检测；VOC 2011 语义分割","Sec.3.4、Fig.6：主要误差来自定位；Sec.2.2：每张图提取区域和特征 GPU 上约 13 秒；Sec.3.3：换成 VGG16 后 mAP 从 58.5% 升到 66.0%，但前向耗时约 7 倍。","开放：Abstract 给出源码 http://www.cs.berkeley.edu/~rbg/rcnn","https://arxiv.org/pdf/1311.2524"
"2014","University of Oxford Visual Geometry Group（Simonyan、Zisserman）","VGG（全部用 3×3 卷积，16–19 层）","Abstract、Sec.1：固定其他设计，研究卷积网络深度对大规模图像识别精度的影响。","Table 7（Sec.4.5）：单网络 top-5 测试错误率 7.0%，比单个 GoogLeNet 好 0.9 个百分点；对照 GoogLeNet、MSRA、Clarifai、Zeiler & Fergus、OverFeat、Krizhevsky。ILSVRC-2014 分类第二、定位第一。","ILSVRC-2012 数据（ILSVRC-2014 挑战）；附录 B 迁移到 VOC、Caltech","原文未单列局限；Sec.5 结论重申深度对表示的重要性。","开放：公开两个最好的模型（http://www.robots.ox.ac.uk/~vgg/research/very_deep/）","https://arxiv.org/pdf/1409.1556"
"2014","Google（Szegedy 等，另有 UNC、Michigan 作者）","GoogLeNet / Inception（多分支 Inception 模块，22 层）","Abstract、Sec.1：在计算预算不变的前提下提高网络内部计算资源利用率，同时加深加宽；参数比 Krizhevsky 的网络少 12 倍。","Table 2（Sec.7）：ILSVRC 2014 分类 top-5 错误率 6.67%，第一名；VGG 第二 7.32%；比 2012 年 SuperVision 相对降低 56.5%。Table 4：检测 43.9% mAP，第一名。","ILSVRC 2014 分类与检测","Sec.3：架构的成功能否归功于其设计原则仍有疑问，需要更彻底的分析；Sec.9：检测没有用上下文，也没有做框回归。","论文未声明","https://arxiv.org/pdf/1409.4842"
"2014","Stanford University 为主（Russakovsky、Deng 等，另有 UNC、MIT、Facebook 等作者）","ILSVRC 基准综述（2010–2014 年竞赛总结）","Abstract、Sec.1：介绍 ILSVRC 的数据采集、标注与评测方法，总结五年来最成功的算法，并与人类水平比较。ILSVRC 自 2010 年起每年举办。","Sec.5.1：2012 年是转折点，SuperVision（AlexNet）是分类与定位两项的明确冠军；2013 年绝大多数参赛者使用深度 CNN；2014 年几乎所有队伍使用 CNN。Sec.6.4：1500 张测试图上，一位人类标注者 top-5 错误率 5.1%，GoogLeNet 6.8%。","ILSVRC 2010–2014 分类、单物体定位、检测","Sec.7.2：外界批评数据集不够难、细粒度类别有标注错误、外部数据规则太严；Sec.7.3：未来走向像素级分割，规模更大时要更多依赖弱监督。","数据开放（Sec.1）；2010 年之后测试集标注保持隐藏","https://arxiv.org/pdf/1409.0575"
"2014","UC Berkeley（Girshick、Iandola、Darrell、Malik）","Deformable Part Models are Convolutional Neural Networks（DPM 展开为 CNN）","Abstract、Sec.1：DPM 通常被看作图模型，CNN 被看作黑箱分类器；本文把 DPM 的推断算法逐步展开（unrolling），每一步映射为等价的 CNN 层，证明 DPM 可以写成 CNN；于是把 HOG 换成学到的 CNN 特征就很自然。","Table 1（VOC2007）：HOG-DPM 33.7%；DeepPyramid DPM（conv5 特征）45.2%，略高于不微调的 R-CNN pool5（44.2%），速度快约 20 倍；明显低于微调的 R-CNN（54.2%，加框回归 58.5%）。","PASCAL VOC 2007、2010–2012","Sec.3.2：目前分阶段训练，计划改为整体反向传播；Sec.4.1：不如微调的 R-CNN，作者认为换更强的非线性分类器可能追上。","Sec.1 承诺将发布开源实现（未给链接）","https://arxiv.org/pdf/1409.5403"
"2015","University of Freiburg（Ronneberger、Fischer、Brox）","U-Net（收缩路径 + 对称扩张路径 + 跨层拼接）","Sec.1：生物医学图像要求逐像素定位，训练图像往往只有几十张；此前滑窗方法慢，而且定位精度与上下文范围需要取舍。","Table 1（ISBI 电镜分割）：warping error 0.000353，此前最好（Ciresan 等）0.000420。Table 2（ISBI 2015 细胞追踪）：PhC-U373 IOU 92%，第二名 83%；DIC-HeLa 77.5%，第二名 46%。","ISBI 2012 电镜分割（30 张训练图）；ISBI 2015 细胞追踪","原文未单列局限；Sec.5 认为可用于更多任务。","开放：Abstract、Sec.5 发布基于 Caffe 的完整实现与训练好的网络","https://arxiv.org/pdf/1505.04597"
"2015","Microsoft Research（He、Zhang、Ren、Sun）","ResNet（残差学习，最深 152 层）","Sec.1：网络加深时出现退化问题：精度先饱和后迅速下降，而且这不是过拟合造成的，更深的模型训练误差反而更高（Fig.1）；提出让每段网络学习残差。","Table 5（ImageNet 集成 top-5 测试错误率）：VGG 7.32、GoogLeNet 6.66、PReLU-net 4.94、BN-Inception 4.82、ResNet 3.57；Table 2、Fig.4：与同深度的普通网络对照。","ILSVRC 2015、CIFAR-10、PASCAL VOC 2007/2012、MS COCO","Sec.4.1：深层普通网络为什么难优化留待未来研究；Sec.4.2：1202 层网络测试结果比 110 层差，作者归因于过拟合，未结合 maxout、dropout 等强正则。","论文未声明","https://arxiv.org/pdf/1512.03385"
"2020","Google Research, Brain Team（Dosovitskiy 等）","ViT（把图像切成 16×16 patch 序列，直接用 Transformer）","Abstract、Sec.1：视觉中注意力通常依附于 CNN；检验纯 Transformer 直接处理图像 patch 序列能否做好图像分类。","Sec.1、Sec.4.3、Fig.3：只在 ImageNet 上预训练时，大 ViT 不如同规模的 BiT ResNet；在 ImageNet-21k 上两者相近；在 JFT-300M 上 ViT 反超。Table 2：ViT-H/14 经 JFT 预训练后 ImageNet 88.55%，对照 BiT-L 与 Noisy Student。作者的解释：Transformer 缺少平移等变、局部性等 CNN 固有的归纳偏置，数据不足时泛化差，大规模训练可以弥补。","预训练：ImageNet-1k、ImageNet-21k、JFT-300M；迁移：ImageNet/ReaL、CIFAR-10/100、Pets、Flowers、VTAB","Sec.5：推广到检测和分割；自监督预训练与大规模有监督预训练之间仍有很大差距；继续扩大规模。","开放：微调代码与预训练模型 https://github.com/google-research/vision_transformer","https://arxiv.org/pdf/2010.11929"
"2022","Facebook AI Research、UC Berkeley（Liu、Mao、Wu、Feichtenhofer、Darrell、Xie）","ConvNeXt（按视觉 Transformer 的设计逐步现代化 ResNet）","Abstract、Sec.1：分层视觉 Transformer（如 Swin）的成功常被归功于 Transformer 本身；本文从 ResNet-50 出发，逐步借用 Transformer 的训练配方和设计，检验纯卷积网络能达到的上限，找出比较中的混淆变量。","Sec.2.1：只换用 Transformer 式训练配方（300 epoch、AdamW、Mixup/CutMix 等），ResNet-50 从 76.1% 升到 78.8%；Table 1、Sec.3.2：ImageNet-1K 上在相近复杂度下全面超过 Swin（如 ConvNeXt-T 高 0.8 个百分点）；Table 3、4：COCO、ADE20K 上持平或更好。","ImageNet-1K/22K、COCO、ADE20K","附录 F：有些任务 Transformer 可能更灵活，例如多模态学习适合 cross-attention，以及需要离散、稀疏或结构化输出的任务；Sec.4：深度卷积在同等 FLOPs 下的速度与显存开销问题。","开放：首页给出 https://github.com/facebookresearch/ConvNeXt","https://arxiv.org/pdf/2201.03545"
