"论文（路线）","年份","团队","要解决的问题（引自 Intro）","对照的 baseline（引自实验表）","benchmark","自述局限（引自 Limitation）","代码/数据是否开放","来源URL"
"A Multi-State Constraint Kalman Filter for Vision-aided Inertial Navigation（MSCKF；滤波式 VIO）","2007","University of Minnesota（Mourikis、Roumeliotis）","§I–II：特征数百个时需在复杂度与精度间取舍；EKF-SLAM 的主要局限是维护相机位姿与数千特征相关性的计算复杂度；只用两帧约束的方法丢失多帧信息","无 baseline 对比（仿真结果引向技术报告）","自采车载数据：Minneapolis 住宅区 3.2 km、1598 帧、3 Hz 相机 + 100 Hz IMU；终点误差约 10 m（0.31%），单核 14 Hz","§III-F、§IV：多数特征只能跟踪少数几帧；运动几乎平行光轴；车、行人、树叶靠马氏距离检验剔除；无回环；只做单目；无一致性分析","论文未声明代码，只给视频链接","https://www-users.cse.umn.edu/~stergios/papers/ICRA07-MSCKF.pdf"
"Parallel Tracking and Mapping for Small AR Workspaces（PTAM；关键帧 BA）","2007","University of Oxford Active Vision Lab（Klein、Murray）","§2：MonoSLAM 等增量系统每帧同时更新位姿与全部路标，数据关联错误会不可挽回地破坏地图，鲁棒性不足以用于 AR；§3：UKF 类 O(N³) 只能建几十个点","基于 SceneLib 的 EKF-SLAM（带 JCBB），600 帧合成序列：误差标准差 135 mm 对 6 mm，地图 114 点对 6600 点","合成序列；桌面视频 1656 帧","§7.2、§8：实用上限约 6000 点、150 关键帧，超过 100 关键帧全局 BA 几乎总被中止；运动模糊使角点消失导致跟踪失败；只在 FAST 角点触发处跟踪；重复结构产生大量外点；场景大幅永久改变会失败；不设计闭合大回环","论文未声明；作者主页提供参考实现（与论文版本不同）","https://www.robots.ox.ac.uk/~gk/publications/KleinMurray2007ISMAR.pdf"
"ORB-SLAM: a Versatile and Accurate Monocular SLAM System（特征法关键帧 SLAM）","2015","Universidad de Zaragoza I3A（Mur-Artal、Montiel、Tardós）","§I：PTAM 限于小场景，缺回环与遮挡处理，重定位视角不变性低，需人工初始化；LSD-SLAM 仍需特征做回环且定位精度低","TUM RGB-D 上 PTAM、LSD-SLAM、RGBD-SLAM（Table III）；PTAM 在 8 条序列跟丢、LSD-SLAM 3 条；重定位召回 fr3_walking_xyz 77.9% 对 PTAM 0%","TUM RGB-D 16 条、KITTI 00–10、NewCollege","§VIII：KITTI 01 高速公路近处可跟踪物少无法处理；KITTI 08 无回环时尺度漂移不能修正（46.58 m）；TUM 剔除强旋转、无纹理、无运动序列；NewCollege 反向大环未检出；§IX-B 承认直接法对模糊、低纹理更鲁棒","开源（webdiis.unizar.es/~raulmur/orbslam）","https://arxiv.org/abs/1502.00956"
"Direct Sparse Odometry（DSO；稀疏直接法）","2016","TU Munich + Intel Labs（Engel、Koltun、Cremers）","§1：直接法不要求点本身可识别，在稀疏纹理环境更鲁棒；稠密/半稠密直接法的几何先验使实时的统计一致联合优化不可行并可能引入偏差","单目 ORB-SLAM（关闭回环与重定位）；LSD-SLAM、SVO 在多数序列失败（累积误差曲线，无具体 RMSE 表）","TUM monoVO（50 条）、EuRoC MAV、ICL-NUIM","§4.3：几何噪声增大时性能迅速恶化，g>1.5 优化完全失败；对内参不准、卷帘快门更敏感，普通手机和网络摄像头更适合特征法；EuRoC 上 ORB-SLAM 更准；纯视觉里程计，无回环；v2 修正了低估 ORB-SLAM 实时结果的 bug","GPLv3 开源（github.com/JakobEngel/dso，项目页）","https://arxiv.org/abs/1607.02565"
"VINS-Mono: A Robust and Versatile Monocular Visual-Inertial State Estimator（紧耦合滑窗优化 VIO）","2017","HKUST ECE（Qin、Li、Shen）","§I、§V：单目无公制尺度；尺度可观需要加速度激励，不能从静止开始；初始化通常是单目 VINS 最脆弱的一步；IMU 可弥补光照变化、无纹理、运动模糊造成的视觉跟丢","OKVIS（单目与双目）、Google Tango；EuRoC 仅 MH_03、MH_05 图形比较","EuRoC；自采室内外约 700 m（OKVIS 漂移 2.36%，VINS 不开回环 0.88%）；HKUST 校园 5.62 km；无人机闭环飞行","§VI-G、§X：剧烈光照变化与激进运动仍会失败；纯旋转无法三角化；加速度计偏置难观；可能进入弱可观或退化；大规模部署需在线标定几乎全部内外参；Tango 局部估计更准","开源（HKUST-Aerial-Robotics/VINS-Mono、VINS-Mobile）","https://arxiv.org/abs/1708.03852"
"ORB-SLAM3: An Accurate Open-Source Library for Visual, Visual-Inertial and Multi-Map SLAM（视觉惯性多地图）","2020","Universidad de Zaragoza（Campos、Elvira、Rodríguez、Montiel、Tardós）","§I：VIO 多只有短期关联；ORB-SLAM-VI 的 IMU 初始化需 15 秒；DBoW2 要求连续 3 个关键帧命中，召回 30–40%，多地图系统中常导致重复建图","VINS-Mono、VI-DSO、ORB-SLAM-VI、BASALT 等（表 II，完整对照列表未逐项核对）；单目惯性比 VINS-Mono 精确约 2.6 倍","EuRoC（双目惯性平均 0.035 m）、TUM-VI","§VII–VIII：低纹理是主要失败场景，TUM-VI 滑梯序列上光流方法更准；户外近处特征少时尺度与偏置漂移，误差 10–70 m；慢速运动时惯性参数可观性差","开源","https://arxiv.org/abs/2007.11898"
"FAST-LIO2: Fast Direct LiDAR-inertial Odometry（迭代 EKF 激光惯性）","2021","University of Hong Kong 机械工程系（Xu、Cai、He、Lin、Zhang）","§I：点云量与机载算力矛盾；基于平滑度的特征提取在无大平面或长边、小视场固态激光雷达下特征少；前作 FAST-LIO 每步重建 k-d 树只能用于几百米","LILI-OM、LIO-SAM、LINS（关闭回环）；19 条中 18 条最好；nclt 10 RMSE 16.29 m 对 LIO-SAM 1077.5 m；比 LIO-SAM 快约 10 倍","lili、liosam、utbm、ulhk、nclt 共 19 条；Intel 与 ARM 机载平台","§VI-C：地图超过 2000 m 精度不再提升，漂移导致与过旧地图点误匹配；纯里程计无回环；§VII-B：ARM 上偶尔超过 10 ms 周期","开源（hku-mars/FAST_LIO、ikd-Tree）","https://arxiv.org/abs/2107.06829"
"EqVIO: An Equivariant Filter for Visual Inertial Odometry（等变滤波）","2022","Australian National University（van Goor、Mahony）","§1、§2.4：EKF 类 VIO 精度不如优化类，主因线性化误差累积；标准 EKF 的不可观子空间与真实系统不匹配导致不一致，FEJ、OC-EKF 是补丁","ROVIO、OpenVINS、VINS-Mono、MSCKF、OKVIS（Table 1、3）：EuRoC 平均 0.16 m，与 OpenVINS 持平；每帧 5.43 ms 对 OpenVINS 11.57 ms","EuRoC、UZH FPV；仿真 1000 次 Monte Carlo NEES","Remark 5.1：引入 IMU 偏置后不再 group-affine，残余线性化误差与偏置误差成正比；§7.1 只用 40 个特征，公平比较是开放问题；Vicon 房间序列不如 OpenVINS","GPLv3 开源（github.com/pvangoor/eqvio）","https://arxiv.org/abs/2205.01980"
"DROID-SLAM: Deep Visual SLAM for Monocular, Stereo, and RGB-D Cameras（学习式稠密对应 + 可微 BA）","2021","Princeton University（Teed、Deng）","§1：现有 SLAM 鲁棒性不足，失败形式有特征轨迹丢失、优化发散、漂移累积；此前的深度 SLAM 缺少回环与全局 BA","ORB-SLAM、ORB-SLAM2/3、DSO、DeepV2D、DeepFactors、TartanVO 等；TUM fr1 单目 ORB-SLAM2 失败 6/9、ORB-SLAM3 失败 5/9，DROID 9/9；EuRoC 单目只比 ORB-SLAM3 成功序列误差低 43%","TartanAir、EuRoC、TUM-RGBD、ETH3D-SLAM","§4 Timing and Memory：内存与资源需求是最大局限（后端存全部图像特征图）；实时需 2 张 RTX 3090，长序列需 24 GB 显存；TartanAir 上 8 fps；不评估稠密重建","开源（princeton-vl/DROID-SLAM）","https://arxiv.org/abs/2108.10869"
"NICE-SLAM: Neural Implicit Scalable Encoding for SLAM（层次特征网格神经 SLAM）","2021","浙江大学 CAD&CG、ETH Zurich、MPI-IS、Lund、UvA、Microsoft（Zhu、Peng 等 8 人）","摘要、§1：现有方法重建过平滑、难以扩展到大场景；iMAP 单个 MLP 只能全局更新，多房间公寓上重建和跟踪显著变差","TSDF-Fusion、DI-Fusion、复现的 iMAP*；TUM 上引用 ORB-SLAM2、BAD-SLAM；ScanNet ATE 9.63 对 iMAP* 36.67","Replica、ScanNet、TUM RGB-D、Co-Fusion、自采公寓","§5：预测能力受粗网格尺度限制；不做回环；TUM 上 ORB-SLAM2、BAD-SLAM 仍更好","开源（github.com/cvg/nice-slam）","https://arxiv.org/abs/2112.12130"
"SplaTAM: Splat, Track & Map 3D Gaussians for Dense RGB-D SLAM（3D 高斯 RGB-D SLAM）","2023","CMU + MIT（Keetha、Karhade、Jatavallabhula 等 7 人）","§1：显式表示的跟踪依赖丰富几何特征与高帧率；隐式方法计算低效、难编辑、不显式建模几何、有灾难性遗忘；光线采样限制效率","Point-SLAM、NICE-SLAM、ESLAM、DROID-SLAM、ORB-SLAM2/3（Table 1）；ScanNet++ 1.2 cm 对 ORB-SLAM3 158.2 cm（低纹理反复重新初始化）","ScanNet++、Replica、TUM-RGBD、ScanNet","§5：对运动模糊、大深度噪声、激进旋转敏感；需要已知内参与稠密深度；大场景扩展留作未来；TUM 上 ORB-SLAM2 仍更好；每帧跟踪约 1 s、建图约 1.4 s","开源（spla-tam/SplaTAM，补充材料 S1）","https://arxiv.org/abs/2312.02126"
"MASt3R-SLAM: Real-Time Dense SLAM with 3D Reconstruction Priors（双视图 3D 先验前端）","2024","Imperial College London（Murai、Dexheimer、Davison）","§1：SLAM 还不是即插即用的算法，需要硬件经验与标定；单视图先验有歧义、跨视角不一致","ORB-SLAM3、DROID-SLAM、DPV-SLAM(++)、GO-SLAM；TUM 标定 0.030 m 对 DROID 0.038 m，不标定 0.060 m 对 DROID* 0.158 m","TUM RGB-D、7-Scenes、EuRoC、ETH3D-SLAM","§5：全局优化不精化全部几何；MASt3R 只在针孔图像上训练，畸变增大时几何变差；全分辨率解码器是低延迟跟踪与回环检验的瓶颈；补充 §12：EuRoC 0.041 m 输给 DROID 0.022 m","开源（GitHub rmurai0610/MASt3R-SLAM）","https://arxiv.org/abs/2412.12392"
"VGGT-SLAM: Dense RGB SLAM Optimized on the SL(4) Manifold（前馈子图 + 射影对齐）","2025","MIT（Maggio、Lim、Carlone）","§1：VGGT 处理帧数受显存限制，RTX 4090 24 GB 约 60 帧；不标定时前馈重建有射影歧义，相似变换对齐子图不够","MASt3R-SLAM*、DROID-SLAM*、自身 Sim(3) 版；TUM 不标定 0.053 m 对 MASt3R-SLAM* 0.060 m；7-Scenes 持平","7-Scenes、TUM RGB-D","§6：平面点下 15 自由度单应退化（TUM floor 不稳定）；对外点敏感；回环间隔长时漂移包括透视","开源（MIT-SPARK/VGGT-SLAM，BSD-2，GitHub）","https://arxiv.org/abs/2505.12549"
"VGGT-Long: Chunk it, Loop it, Align it -- Pushing VGGT's Limits on Kilometer-scale Long RGB Sequences（分块前馈 + 回环）","2025","南开大学、南京大学（Deng、Ti、Xu、Yang、Xie）","§1：VGGT 在 24 GiB RTX 4090 上只能处理 60–80 张图，KITTI Seq 00 约 4600 帧需要不可达的显存；§4.4 MASt3R-SLAM 在 KITTI 上约 100 帧后跟踪停滞","DROID-SLAM、DPVO、DPV-SLAM++、ORB-SLAM2、LDSO、MASt3R-SLAM（TL）、CUT3R/Fast3R/VGGT（OOM）；KITTI 全序列平均 26.358 m 对 DPV-SLAM++ 25.749 m","KITTI Odometry、Waymo","无专门局限节；Fig.8 同一车道反向行驶时 RGB 回环检测失败；每块 2.6–2.8 s，非实时","开源（DengKaiCQ/VGGT-Long）","https://arxiv.org/abs/2507.16443"
"MASt3R-Fusion: Integrating Feed-Forward Visual Model with IMU, GNSS for High-Functionality SLAM（前馈视觉 + 公制多传感器因子图）","2025","武汉大学测绘学院（Zhou、Li 等 6 人）","摘要、§I：传统方法受低纹理、尺度歧义困扰；前馈点图流水线丢掉了概率多传感器融合的优势；视觉方法尺度一致性差","VGGT-Long、ORB-SLAM3、VINS、DBA-Fusion、DM-VIO 等；KITTI-360 全局 ATE 0.05% 对 ORB-SLAM3 0.63%、VGGT-Long 2.91%","KITTI-360、SubT-MRS、自采武汉城区","无专门局限节；§III-B 远近深度不确定性在大尺度户外、长时间前向运动中误差显著，靠降权缓解；需要 IMU","声明将开源（GREAT-WHU/MASt3R-Fusion）；未见正式发表","https://arxiv.org/abs/2509.20757"
