id,title,url,provenance,reading_status,note
arxiv:2608.26103,Zero-WAM: In-Context World-Action Modeling from Human Videos for Open-Ended Task Generalization,https://arxiv.org/abs/2608.26103,user-provided;history_recovered_user_provided,selected_fulltext_sections_teaching,papers/2026/zero-wam.md
arxiv:2506.09588,Attention-Based Map Encoding for Learning Generalized Legged Locomotion,https://arxiv.org/abs/2506.09588,user-named-assistant-linked,identity_verified_or_existing_catalog_only,
arxiv:2601.08485,Agile and Generalized Legged Locomotion via Attention-Based Neural Map Encoding,https://arxiv.org/abs/2601.08485,assistant-recommended,identity_verified_or_existing_catalog_only,
arxiv:2607.15275,RoboTTT: Context Scaling for Robot Policies,https://arxiv.org/abs/2607.15275,assistant-recommended,identity_verified_or_existing_catalog_only,
arxiv:2408.15980,In-Context Imitation Learning via Next-Token Prediction,https://arxiv.org/abs/2408.15980,assistant-recommended,identity_verified_or_existing_catalog_only,
arxiv:2606.30457,Behavior Prompting Policy: Demonstrations as Prompts for Manipulation,https://arxiv.org/abs/2606.30457,assistant-recommended,identity_verified_or_existing_catalog_only,
arxiv:2601.02456,"InternVLA-A1: Unifying Understanding, Generation and Action for Robotic Manipulation",https://arxiv.org/abs/2601.02456,assistant-recommended,identity_verified_or_existing_catalog_only,
arxiv:2411.04983,DINO-WM: World Models on Pre-trained Visual Features enable Zero-shot Planning,https://arxiv.org/abs/2411.04983,assistant-recommended,identity_verified_or_existing_catalog_only,
arxiv:2505.11528,LaDi-WM: A Latent Diffusion-based World Model for Predictive Manipulation,https://arxiv.org/abs/2505.11528,assistant-recommended,identity_verified_or_existing_catalog_only,
arxiv:2505.06111,UniVLA: Learning to Act Anywhere with Task-centric Latent Actions,https://arxiv.org/abs/2505.06111,assistant-recommended,identity_verified_or_existing_catalog_only,
arxiv:2506.15691,What Do Latent Action Models Actually Learn?,https://arxiv.org/abs/2506.15691,assistant-recommended,identity_verified_or_existing_catalog_only,
arxiv:2604.11689,LARY: A Latent Action Representation Yielding Benchmark for Generalizable Vision-to-Action Alignment,https://arxiv.org/abs/2604.11689,assistant-recommended,identity_verified_or_existing_catalog_only,
arxiv:2605.06388,Reconstruction or Semantics? What Makes a Latent Space Useful for Robotic World Models,https://arxiv.org/abs/2605.06388,assistant-recommended,identity_verified_or_existing_catalog_only,
arxiv:2503.06170,Object-Centric World Model for Language-Guided Manipulation,https://arxiv.org/abs/2503.06170,assistant-recommended,identity_verified_or_existing_catalog_only,
arxiv:2607.13451,Learning Physics-Guided Residual Dynamics for Deformable Object Simulation,https://arxiv.org/abs/2607.13451,assistant-recommended,identity_verified_or_existing_catalog_only,
arxiv:2601.03200,A High-Fidelity Digital Twin for Robotic Manipulation Based on 3D Gaussian Splatting,https://arxiv.org/abs/2601.03200,assistant-recommended,identity_verified_or_existing_catalog_only,
arxiv:2506.07454,Language-Grounded Hierarchical Planning and Execution with Multi-Robot 3D Scene Graphs,https://arxiv.org/abs/2506.07454,assistant-recommended,identity_verified_or_existing_catalog_only,
arxiv:2603.17808,EVA: Aligning Video World Models with Executable Robot Actions via Inverse Dynamics Rewards,https://arxiv.org/abs/2603.17808,assistant-recommended,identity_verified_or_existing_catalog_only,
arxiv:2608.18077,Hydra-0: Action Flow for Generalist World Modeling and Control,https://arxiv.org/abs/2608.18077,assistant-recommended,identity_verified_or_existing_catalog_only,
doi:10.15607/rss.2025.xxi.153,PIN-WM: Learning Physics-INformed World Models for Non-Prehensile Manipulation,https://www.roboticsproceedings.org/rss21/p153.html,assistant-recommended,identity_verified_or_existing_catalog_only,
arxiv:2212.06817,RT-1: Robotics Transformer for Real-World Control at Scale,https://arxiv.org/abs/2212.06817,old-file-reference,identity_verified_or_existing_catalog_only,
arxiv:2307.15818,RT-2: Vision-Language-Action Models Transfer Web Knowledge to Robotic Control,https://arxiv.org/abs/2307.15818,old-file-reference,identity_verified_or_existing_catalog_only,
arxiv:2310.08864,Open X-Embodiment: Robotic Learning Datasets and RT-X Models,https://arxiv.org/abs/2310.08864,old-file-reference,identity_verified_or_existing_catalog_only,
arxiv:2303.04137,Diffusion Policy: Visuomotor Policy Learning via Action Diffusion,https://arxiv.org/abs/2303.04137,old-file-reference,beginner_teaching_revision_2026-10-02,baselines/diffusion-policy.md
arxiv:2405.12213,Octo: An Open-Source Generalist Robot Policy,https://arxiv.org/abs/2405.12213,old-file-reference,identity_verified_or_existing_catalog_only,
arxiv:2406.09246,OpenVLA: An Open-Source Vision-Language-Action Model,https://arxiv.org/abs/2406.09246,old-file-reference,existing_technical_reading_not_yet_beginner_rewritten,baselines/openvla.md
arxiv:2410.24164,$π_0$: A Vision-Language-Action Flow Model for General Robot Control,https://arxiv.org/abs/2410.24164,old-file-reference,identity_verified_or_existing_catalog_only,
arxiv:2501.09747,FAST: Efficient Action Tokenization for Vision-Language-Action Models,https://arxiv.org/abs/2501.09747,old-file-reference,identity_verified_or_existing_catalog_only,
arxiv:2502.19645,Fine-Tuning Vision-Language-Action Models: Optimizing Speed and Success,https://arxiv.org/abs/2502.19645,old-file-reference,identity_verified_or_existing_catalog_only,
arxiv:2504.16054,$π_{0.5}$: a Vision-Language-Action Model with Open-World Generalization,https://arxiv.org/abs/2504.16054,old-file-reference,identity_verified_or_existing_catalog_only,
arxiv:2506.01844,SmolVLA: A Vision-Language-Action Model for Affordable and Efficient Robotics,https://arxiv.org/abs/2506.01844,old-file-reference,identity_verified_or_existing_catalog_only,
arxiv:2503.14734,GR00T N1: An Open Foundation Model for Generalist Humanoid Robots,https://arxiv.org/abs/2503.14734,old-file-reference,identity_verified_or_existing_catalog_only,
arxiv:2604.15483,$π_{0.7}$: a Steerable Generalist Robotic Foundation Model with Emergent Capabilities,https://arxiv.org/abs/2604.15483,old-file-reference,identity_verified_or_existing_catalog_only,
arxiv:2605.30280,"Qwen-VLA: Unifying Vision-Language-Action Modeling across Tasks, Environments, and Robot Embodiments",https://arxiv.org/abs/2605.30280,old-file-reference,identity_verified_or_existing_catalog_only,
arxiv:2606.14752,X-Tokenizer: A Multimodal Action Tokenizer for Vision-Language-Action Pretraining,https://arxiv.org/abs/2606.14752,old-file-reference,identity_verified_or_existing_catalog_only,
arxiv:1711.02508,Quaternion kinematics for the error-state Kalman filter,https://arxiv.org/abs/1711.02508,existing_baseline_selection,existing_technical_reading_not_yet_beginner_rewritten,baselines/eskf.md
arxiv:2007.11898,"ORB-SLAM3: An Accurate Open-Source Library for Visual, Visual-Inertial and Multi-Map SLAM",https://arxiv.org/abs/2007.11898,existing_baseline_selection,existing_technical_reading_not_yet_beginner_rewritten,baselines/orb-slam3.md
arxiv:1105.1186,Sampling-based Algorithms for Optimal Motion Planning,https://arxiv.org/abs/1105.1186,existing_baseline_selection,existing_technical_reading_not_yet_beginner_rewritten,baselines/rrt-star.md
doi:10.1109/iros.2018.8594448,Dynamic Locomotion in the MIT Cheetah 3 Through Convex Model-Predictive Control,https://dspace.mit.edu/entities/publication/bc8c7e1e-5830-443f-a879-787947111fcf,existing_baseline_selection,existing_technical_reading_not_yet_beginner_rewritten,baselines/convex-mpc.md
arxiv:2107.04034,RMA: Rapid Motor Adaptation for Legged Robots,https://arxiv.org/abs/2107.04034,existing_baseline_selection,existing_technical_reading_not_yet_beginner_rewritten,baselines/rma.md
arxiv:1711.07280,Vision-and-Language Navigation: Interpreting visually-grounded navigation instructions in real environments,https://arxiv.org/abs/1711.07280,existing_baseline_selection,existing_technical_reading_not_yet_beginner_rewritten,baselines/r2r.md
arxiv:2301.04104,Mastering Diverse Domains through World Models,https://arxiv.org/abs/2301.04104,existing_baseline_selection,beginner_teaching_revision_2026-10-02,baselines/dreamerv3.md
arxiv:2210.03629,ReAct: Synergizing Reasoning and Acting in Language Models,https://arxiv.org/abs/2210.03629,existing_baseline_selection,existing_technical_reading_not_yet_beginner_rewritten,baselines/react.md
arxiv:1707.06347,Proximal Policy Optimization Algorithms,https://arxiv.org/abs/1707.06347,existing_baseline_selection,existing_technical_reading_not_yet_beginner_rewritten,baselines/ppo.md
arxiv:2204.01691,"Do As I Can, Not As I Say: Grounding Language in Robotic Affordances",https://arxiv.org/abs/2204.01691,new_baseline_selection,key_sections_teaching,baselines/saycan.md
arxiv:2609.37810,"Explore, Execute, Evolve: A Skill Acquisition and Reuse Loop for Embodied Agents",https://arxiv.org/abs/2609.37810,new_discovery,selected_fulltext_sections_teaching,papers/2026/roboskill.md
arxiv:2609.01281,"EmbodiedSkills: A Unified Framework for Orchestrating, Training, and Deploying VLA Agents",https://arxiv.org/abs/2609.01281,new_discovery,selected_fulltext_sections_teaching,papers/2026/embodiedskills.md
arxiv:2607.14252,MEMORA: Embodied Action Memory from Egocentric Videos for Reasoning and Planning,https://arxiv.org/abs/2607.14252,new_discovery,selected_fulltext_sections_teaching,papers/2026/memora.md
arxiv:2606.23565,HoloAgent-0: A Unified Embodied Agent Framework with 3D Spatial Memory,https://arxiv.org/abs/2606.23565,new_discovery,key_sections_exploratory_note,papers/2026/holoagent-0.md
